{"cameraMode":{"drawMode":0,"name":"Shaded","section":"Shading Mode"},"sceneLighting":true,"audioPlay":false,"sceneViewState":{"showFog":true,"showMaterialUpdate":false,"showSkybox":true,"showFlares":true,"showImageEffects":true,"showParticleSystems":true,"showVisualEffectGraphs":true,"m_FxEnabled":true},"in2DMode":false,"pivot":{"x":-4.768990516662598,"y":10.03385066986084,"z":-3.7340469360351564},"rotation":{"x":0.00897920411080122,"y":-0.06744609028100968,"z":0.0006070153322070837,"w":0.9976831674575806},"size":9.409930229187012,"orthographic":false}