{"cameraMode":{"drawMode":0,"name":"Shaded","section":"Shading Mode"},"sceneLighting":true,"audioPlay":false,"sceneViewState":{"showFog":true,"showMaterialUpdate":false,"showSkybox":true,"showFlares":true,"showImageEffects":true,"showParticleSystems":true,"showVisualEffectGraphs":true,"m_FxEnabled":true},"in2DMode":false,"pivot":{"x":-13.038616180419922,"y":-42.738975524902347,"z":775.15283203125},"rotation":{"x":0.0779123529791832,"y":-0.014953871257603169,"z":0.0011679688468575478,"w":0.9968507289886475},"size":176.00779724121095,"orthographic":false}