{"cameraMode":{"drawMode":0,"name":"Shaded","section":"Shading Mode"},"sceneLighting":true,"audioPlay":false,"sceneViewState":{"showFog":true,"showMaterialUpdate":false,"showSkybox":true,"showFlares":true,"showImageEffects":true,"showParticleSystems":true,"showVisualEffectGraphs":true,"m_FxEnabled":true},"in2DMode":false,"pivot":{"x":0.9709718227386475,"y":-0.48142147064208987,"z":4.885344505310059},"rotation":{"x":0.19295616447925569,"y":-0.08964059501886368,"z":0.017704859375953676,"w":0.9769437909126282},"size":8.3356294631958,"orthographic":false}