{"cameraMode":{"drawMode":0,"name":"Shaded","section":"Shading Mode"},"sceneLighting":true,"audioPlay":false,"sceneViewState":{"showFog":true,"showMaterialUpdate":false,"showSkybox":true,"showFlares":true,"showImageEffects":true,"showParticleSystems":true,"showVisualEffectGraphs":true,"m_FxEnabled":true},"in2DMode":false,"pivot":{"x":-1.9253418445587159,"y":-0.2750105857849121,"z":2.0898284912109377},"rotation":{"x":0.3022359311580658,"y":-0.051442112773656848,"z":0.016336800530552865,"w":0.9517049193382263},"size":7.0564117431640629,"orthographic":false}