{"cameraMode":{"drawMode":0,"name":"Shaded","section":"Shading Mode"},"sceneLighting":true,"audioPlay":false,"sceneViewState":{"showFog":true,"showMaterialUpdate":false,"showSkybox":true,"showFlares":true,"showImageEffects":true,"showParticleSystems":true,"showVisualEffectGraphs":true,"m_FxEnabled":true},"in2DMode":false,"pivot":{"x":220.5553741455078,"y":295.99383544921877,"z":99.69100952148438},"rotation":{"x":-0.013488560914993286,"y":0.04048527032136917,"z":0.0005466827424243093,"w":0.9990905523300171},"size":355.10833740234377,"orthographic":true}