{"cameraMode":{"drawMode":0,"name":"Shaded","section":"Shading Mode"},"sceneLighting":true,"audioPlay":false,"sceneViewState":{"showFog":true,"showMaterialUpdate":false,"showSkybox":true,"showFlares":true,"showImageEffects":true,"showParticleSystems":true,"showVisualEffectGraphs":true,"m_FxEnabled":true},"in2DMode":false,"pivot":{"x":13.495930671691895,"y":18.190303802490236,"z":4.027502059936523},"rotation":{"x":-0.24936500191688538,"y":0.045589618384838107,"z":-0.011753039434552193,"w":-0.9672664999961853},"size":7.912225723266602,"orthographic":false}