{"cameraMode":{"drawMode":0,"name":"Shaded","section":"Shading Mode"},"sceneLighting":true,"audioPlay":false,"sceneViewState":{"showFog":true,"showMaterialUpdate":false,"showSkybox":true,"showFlares":true,"showImageEffects":true,"showParticleSystems":true,"showVisualEffectGraphs":true,"m_FxEnabled":true},"in2DMode":false,"pivot":{"x":11.15064811706543,"y":18.537626266479493,"z":205.564697265625},"rotation":{"x":0.3912607729434967,"y":0.0013797940919175745,"z":-0.0005868509761057794,"w":0.920283854007721},"size":12.971524238586426,"orthographic":false}