{"cameraMode":{"drawMode":0,"name":"Shaded","section":"Shading Mode"},"sceneLighting":true,"audioPlay":false,"sceneViewState":{"showFog":false,"showMaterialUpdate":false,"showSkybox":true,"showFlares":true,"showImageEffects":true,"showParticleSystems":true,"showVisualEffectGraphs":true,"m_FxEnabled":true},"in2DMode":false,"pivot":{"x":4.8661088943481449,"y":-1.086355209350586,"z":481.2211608886719},"rotation":{"x":0.47850164771080019,"y":-0.03948856517672539,"z":0.021546952426433564,"w":0.8769336342811585},"size":12.053367614746094,"orthographic":false}