{"cameraMode":{"drawMode":0,"name":"Shaded","section":"Shading Mode"},"sceneLighting":true,"audioPlay":false,"sceneViewState":{"showFog":true,"showMaterialUpdate":false,"showSkybox":true,"showFlares":true,"showImageEffects":true,"showParticleSystems":true,"showVisualEffectGraphs":true,"m_FxEnabled":true},"in2DMode":false,"pivot":{"x":-4.9659953117370609,"y":7.291733741760254,"z":0.7442378997802734},"rotation":{"x":0.07696522772312164,"y":0.09556565433740616,"z":-0.007411652244627476,"w":0.9924166202545166},"size":6.8299689292907719,"orthographic":false}