{"cameraMode":{"drawMode":0,"name":"Shaded","section":"Shading Mode"},"sceneLighting":true,"audioPlay":false,"sceneViewState":{"showFog":false,"showMaterialUpdate":false,"showSkybox":true,"showFlares":true,"showImageEffects":true,"showParticleSystems":true,"showVisualEffectGraphs":true,"m_FxEnabled":true},"in2DMode":false,"pivot":{"x":145.3305206298828,"y":311.0189208984375,"z":4.059234619140625},"rotation":{"x":0.11655416339635849,"y":0.055091340094804767,"z":-0.006475614383816719,"w":0.9916415810585022},"size":279.50482177734377,"orthographic":false}