{"cameraMode":{"drawMode":0,"name":"Shaded","section":"Shading Mode"},"sceneLighting":true,"audioPlay":false,"sceneViewState":{"showFog":true,"showMaterialUpdate":false,"showSkybox":true,"showFlares":true,"showImageEffects":true,"showParticleSystems":true},"in2DMode":false,"pivot":{"x":-4.951169490814209,"y":-21.308012008666993,"z":24.57390594482422},"rotation":{"x":-0.46166375279426577,"y":0.03643697127699852,"z":-0.018983816727995874,"w":-0.8861028552055359},"size":27.545631408691408,"orthographic":false}